Handle,Title,Body (HTML),Vendor,Type,Tags,Published,Option1 Name,Option1 Value,Option2 Name,Option2 Value,Variant SKU,Variant Grams,Variant Inventory Tracker,Variant Inventory Qty,Variant Inventory Policy,Variant Fulfillment Service,Variant Price,Variant Compare At Price,Variant Requires Shipping,Variant Taxable,Variant Barcode,Image Src,Image Position,Image Alt Text,Gift Card,SEO Title,SEO Description,Status
sauneras-portable-sauna-collapsible-personal-steam-sauna-b0fxbf33cm,Sauneras Portable Sauna - Collapsible Personal Steam Sauna,"<p>Experience premier at-home relaxation and thermal therapy with the <strong>Sauneras Portable Sauna - Collapsible Personal Steam Sauna</strong> from Sauneras.</p>
<h3>Product Highlights:</h3>
<ul>
  <li><strong>Engineered for Home Wellness:</strong> Compact, portable design sets up quickly in any living room, bedroom, or patio.</li>
  <li><strong>Therapeutic Recovery:</strong> Promotes deep perspiration, natural cellular detoxification, soothing joint relief, and peaceful rest.</li>
  <li><strong>Premium Durability:</strong> Constructed from insulated multi-layer thermal fabric and certified high-grade components.</li>
  <li><strong>Authentic Sauneras Quality:</strong> Backed by our 30-day in-home satisfaction guarantee.</li>
</ul>",Sauneras,Portable Steam Sauna,"portable sauna,steam sauna,home spa,detox,relaxation,wellness",TRUE,Title,Default Title,,,SAU-B0FX-001,6000,shopify,50,deny,manual,149.99,199.99,TRUE,TRUE,,https://m.media-amazon.com/images/I/71h2LICSMVL._AC_SL1500_.jpg,1,Sauneras Portable Sauna - Collapsible Personal Steam Sauna - Portable Home Spa,FALSE,Sauneras Portable Sauna - Collapsible Personal Steam Sauna | Sauneras Home Spa,Buy Sauneras Portable Sauna - Collapsible Personal Steam Sauna. Experience medical-grade steam and infrared warmth at home. Free shipping and 30-day guarantee on sauneras.com.,active
sauneras-portable-infrared-home-steam-sauna-box-with-660nm-850nm-red-l-b0gt7qlgh6,Sauneras Portable Infrared Home Steam Sauna Box with 660nm 850nm Red Light Therapy,"<p>Experience premier at-home relaxation and thermal therapy with the <strong>Sauneras Portable Infrared Home Steam Sauna Box with 660nm 850nm Red Light Therapy</strong> from Sauneras.</p>
<h3>Product Highlights:</h3>
<ul>
  <li><strong>Engineered for Home Wellness:</strong> Compact, portable design sets up quickly in any living room, bedroom, or patio.</li>
  <li><strong>Therapeutic Recovery:</strong> Promotes deep perspiration, natural cellular detoxification, soothing joint relief, and peaceful rest.</li>
  <li><strong>Premium Durability:</strong> Constructed from insulated multi-layer thermal fabric and certified high-grade components.</li>
  <li><strong>Authentic Sauneras Quality:</strong> Backed by our 30-day in-home satisfaction guarantee.</li>
</ul>",Sauneras,Infrared Sauna,"infrared sauna,red light therapy,portable sauna,home spa,low emf",TRUE,Title,Default Title,,,SAU-B0GT-002,6000,shopify,50,deny,manual,159.99,215.99,TRUE,TRUE,,https://m.media-amazon.com/images/I/71wAOO+FF1L._AC_SL1500_.jpg,1,Sauneras Portable Infrared Home Steam Sauna Box with 660nm 850nm Red Light Therapy - Portable Home Spa,FALSE,Sauneras Portable Infrared Home Steam Sauna Box with 660nm 8 | Sauneras Home Spa,Buy Sauneras Portable Infrared Home Steam Sauna Box with 660nm 850nm Red Light Therapy. Experience medical-grade steam and infrared warmth at home. Free shipping and 30-day guarantee on sauneras.com.,active
sauneras-portable-home-sauna-dry-heat-sauna-box-with-infrared-light-b0hg7712dg,"Sauneras Portable Home Sauna, Dry Heat Sauna Box with Infrared Light","<p>Experience premier at-home relaxation and thermal therapy with the <strong>Sauneras Portable Home Sauna, Dry Heat Sauna Box with Infrared Light</strong> from Sauneras.</p>
<h3>Product Highlights:</h3>
<ul>
  <li><strong>Engineered for Home Wellness:</strong> Compact, portable design sets up quickly in any living room, bedroom, or patio.</li>
  <li><strong>Therapeutic Recovery:</strong> Promotes deep perspiration, natural cellular detoxification, soothing joint relief, and peaceful rest.</li>
  <li><strong>Premium Durability:</strong> Constructed from insulated multi-layer thermal fabric and certified high-grade components.</li>
  <li><strong>Authentic Sauneras Quality:</strong> Backed by our 30-day in-home satisfaction guarantee.</li>
</ul>",Sauneras,Infrared Sauna,"infrared sauna,red light therapy,portable sauna,home spa,low emf",TRUE,Title,Default Title,,,SAU-B0HG-003,6000,shopify,50,deny,manual,199.00,268.65,TRUE,TRUE,,https://m.media-amazon.com/images/I/81ba4zxBvRL._AC_SL1500_.jpg,1,"Sauneras Portable Home Sauna, Dry Heat Sauna Box with Infrared Light - Portable Home Spa",FALSE,"Sauneras Portable Home Sauna, Dry Heat Sauna Box with Infrar | Sauneras Home Spa","Buy Sauneras Portable Home Sauna, Dry Heat Sauna Box with Infrared Light. Experience medical-grade steam and infrared warmth at home. Free shipping and 30-day guarantee on sauneras.com.",active
sauneras-sauna-thermometer-fahrenheit-2-in-1-thermometer-and-hygromete-b0gx2cpwvv,"Sauneras Sauna Thermometer Fahrenheit, 2-in-1 Thermometer and Hygrometer, Precision Temperature Gauge & Thermostat for Portable Steam Sauna Box, Home Infrared Indoor Use Essential Accessory (Sliver)","<p>Experience premier at-home relaxation and thermal therapy with the <strong>Sauneras Sauna Thermometer Fahrenheit, 2-in-1 Thermometer and Hygrometer, Precision Temperature Gauge & Thermostat for Portable Steam Sauna Box, Home Infrared Indoor Use Essential Accessory (Sliver)</strong> from Sauneras.</p>
<h3>Product Highlights:</h3>
<ul>
  <li><strong>Engineered for Home Wellness:</strong> Compact, portable design sets up quickly in any living room, bedroom, or patio.</li>
  <li><strong>Therapeutic Recovery:</strong> Promotes deep perspiration, natural cellular detoxification, soothing joint relief, and peaceful rest.</li>
  <li><strong>Premium Durability:</strong> Constructed from insulated multi-layer thermal fabric and certified high-grade components.</li>
  <li><strong>Authentic Sauneras Quality:</strong> Backed by our 30-day in-home satisfaction guarantee.</li>
</ul>",Sauneras,Sauna Thermometer,"sauna thermometer,hygrometer,temperature gauge,sauneras accessories",TRUE,Title,Default Title,,,SAU-B0GX-004,300,shopify,50,deny,manual,6.99,9.44,TRUE,TRUE,,https://m.media-amazon.com/images/I/61mYpCaLF1L._AC_SL1500_.jpg,1,"Sauneras Sauna Thermometer Fahrenheit, 2-in-1 Thermometer and Hygrometer, Precision Temperature Gauge & Thermostat for Portable Steam Sauna Box, Home Infrared Indoor Use Essential Accessory (Sliver) - Portable Home Spa",FALSE,"Sauneras Sauna Thermometer Fahrenheit, 2-in-1 Thermometer an | Sauneras Home Spa","Buy Sauneras Sauna Thermometer Fahrenheit, 2-in-1 Thermometer and Hygrometer, Precision Temperature Gauge & Thermostat for Portable Steam Sauna Box, Home Infrared Indoor Use Essential Accessory (Sliver). Experience medical-grade steam and infrared warmth at home. Free shipping and 30-day guarantee on sauneras.com.",active
sauneras-portable-steam-sauna-box-infrared-sauna-for-home-660nm-850nm--b0fnrdrhq4,"Sauneras Portable Steam Sauna Box, Infrared Sauna for Home, 660nm & 850nm Red Light Therapy, 99 Min Timer & 9 Temp Levels, 3L Steamer Remote Control Big Folding Chair, for Home Spa Detoxification","<p>Experience premier at-home relaxation and thermal therapy with the <strong>Sauneras Portable Steam Sauna Box, Infrared Sauna for Home, 660nm & 850nm Red Light Therapy, 99 Min Timer & 9 Temp Levels, 3L Steamer Remote Control Big Folding Chair, for Home Spa Detoxification</strong> from Sauneras.</p>
<h3>Product Highlights:</h3>
<ul>
  <li><strong>Engineered for Home Wellness:</strong> Compact, portable design sets up quickly in any living room, bedroom, or patio.</li>
  <li><strong>Therapeutic Recovery:</strong> Promotes deep perspiration, natural cellular detoxification, soothing joint relief, and peaceful rest.</li>
  <li><strong>Premium Durability:</strong> Constructed from insulated multi-layer thermal fabric and certified high-grade components.</li>
  <li><strong>Authentic Sauneras Quality:</strong> Backed by our 30-day in-home satisfaction guarantee.</li>
</ul>",Sauneras,Infrared Sauna,"infrared sauna,red light therapy,portable sauna,home spa,low emf",TRUE,Title,Default Title,,,SAU-B0FN-005,6000,shopify,50,deny,manual,199.99,269.99,TRUE,TRUE,,https://m.media-amazon.com/images/I/71XtLl3jvwL._AC_SL1500_.jpg,1,"Sauneras Portable Steam Sauna Box, Infrared Sauna for Home, 660nm & 850nm Red Light Therapy, 99 Min Timer & 9 Temp Levels, 3L Steamer Remote Control Big Folding Chair, for Home Spa Detoxification - Portable Home Spa",FALSE,"Sauneras Portable Steam Sauna Box, Infrared Sauna for Home,  | Sauneras Home Spa","Buy Sauneras Portable Steam Sauna Box, Infrared Sauna for Home, 660nm & 850nm Red Light Therapy, 99 Min Timer & 9 Temp Levels, 3L Steamer Remote Control Big Folding Chair, for Home Spa Detoxification. Experience medical-grade steam and infrared warmth at home. Free shipping and 30-day guarantee on sauneras.com.",active
sauneras-portable-sauna-steam-sauna-for-relaxation-detox-and-muscle-re-b0g1xdryp2,"Sauneras Portable Sauna, Steam Sauna for Relaxation, Detox and Muscle Relief, Personal Indoor Sauna Box with 3L/1500W Steamer, 9 Levels Up to 140°F Portable Sauna for Home, Bedroom, Living Room","<p>Experience premier at-home relaxation and thermal therapy with the <strong>Sauneras Portable Sauna, Steam Sauna for Relaxation, Detox and Muscle Relief, Personal Indoor Sauna Box with 3L/1500W Steamer, 9 Levels Up to 140°F Portable Sauna for Home, Bedroom, Living Room</strong> from Sauneras.</p>
<h3>Product Highlights:</h3>
<ul>
  <li><strong>Engineered for Home Wellness:</strong> Compact, portable design sets up quickly in any living room, bedroom, or patio.</li>
  <li><strong>Therapeutic Recovery:</strong> Promotes deep perspiration, natural cellular detoxification, soothing joint relief, and peaceful rest.</li>
  <li><strong>Premium Durability:</strong> Constructed from insulated multi-layer thermal fabric and certified high-grade components.</li>
  <li><strong>Authentic Sauneras Quality:</strong> Backed by our 30-day in-home satisfaction guarantee.</li>
</ul>",Sauneras,Portable Steam Sauna,"portable sauna,steam sauna,home spa,detox,relaxation,wellness",TRUE,Title,Default Title,,,SAU-B0G1-006,6000,shopify,50,deny,manual,139.99,188.99,TRUE,TRUE,,https://m.media-amazon.com/images/I/71LyfHklzLL._AC_SL1500_.jpg,1,"Sauneras Portable Sauna, Steam Sauna for Relaxation, Detox and Muscle Relief, Personal Indoor Sauna Box with 3L/1500W Steamer, 9 Levels Up to 140°F Portable Sauna for Home, Bedroom, Living Room - Portable Home Spa",FALSE,"Sauneras Portable Sauna, Steam Sauna for Relaxation, Detox a | Sauneras Home Spa","Buy Sauneras Portable Sauna, Steam Sauna for Relaxation, Detox and Muscle Relief, Personal Indoor Sauna Box with 3L/1500W Steamer, 9 Levels Up to 140°F Portable Sauna for Home, Bedroom, Living Room. Experience medical-grade steam and infrared warmth at home. Free shipping and 30-day guarantee on sauneras.com.",active
sauneras-portable-full-size-infrared-sauna-for-home-pentagonal-size-fa-b0f17mcpyx,"Sauneras Portable Full Size Infrared Sauna for Home,Pentagonal Size Far Infrared Sauna,One Person Sauna Tent with Heating Foot Pad, Portable Chair, (L38 x W38 x H63, Grey)","<p>Experience premier at-home relaxation and thermal therapy with the <strong>Sauneras Portable Full Size Infrared Sauna for Home,Pentagonal Size Far Infrared Sauna,One Person Sauna Tent with Heating Foot Pad, Portable Chair, (L38 x W38 x H63, Grey)</strong> from Sauneras.</p>
<h3>Product Highlights:</h3>
<ul>
  <li><strong>Engineered for Home Wellness:</strong> Compact, portable design sets up quickly in any living room, bedroom, or patio.</li>
  <li><strong>Therapeutic Recovery:</strong> Promotes deep perspiration, natural cellular detoxification, soothing joint relief, and peaceful rest.</li>
  <li><strong>Premium Durability:</strong> Constructed from insulated multi-layer thermal fabric and certified high-grade components.</li>
  <li><strong>Authentic Sauneras Quality:</strong> Backed by our 30-day in-home satisfaction guarantee.</li>
</ul>",Sauneras,Infrared Sauna,"infrared sauna,red light therapy,portable sauna,home spa,low emf",TRUE,Title,Default Title,,,SAU-B0F1-007,6000,shopify,50,deny,manual,165.89,223.95,TRUE,TRUE,,https://m.media-amazon.com/images/I/71fdZTuY+DL._AC_SL1500_.jpg,1,"Sauneras Portable Full Size Infrared Sauna for Home,Pentagonal Size Far Infrared Sauna,One Person Sauna Tent with Heating Foot Pad, Portable Chair, (L38 x W38 x H63, Grey) - Portable Home Spa",FALSE,"Sauneras Portable Full Size Infrared Sauna for Home,Pentagon | Sauneras Home Spa","Buy Sauneras Portable Full Size Infrared Sauna for Home,Pentagonal Size Far Infrared Sauna,One Person Sauna Tent with Heating Foot Pad, Portable Chair, (L38 x W38 x H63, Grey). Experience medical-grade steam and infrared warmth at home. Free shipping and 30-day guarantee on sauneras.com.",active
sauneras-portable-infrared-sauna-box-for-home-3l-1400w-steam-sauna-ten-b0fx49ryvc,"Sauneras Portable Infrared Sauna Box for Home, 3L 1400W Steam Sauna Tent","<p>Experience premier at-home relaxation and thermal therapy with the <strong>Sauneras Portable Infrared Sauna Box for Home, 3L 1400W Steam Sauna Tent</strong> from Sauneras.</p>
<h3>Product Highlights:</h3>
<ul>
  <li><strong>Engineered for Home Wellness:</strong> Compact, portable design sets up quickly in any living room, bedroom, or patio.</li>
  <li><strong>Therapeutic Recovery:</strong> Promotes deep perspiration, natural cellular detoxification, soothing joint relief, and peaceful rest.</li>
  <li><strong>Premium Durability:</strong> Constructed from insulated multi-layer thermal fabric and certified high-grade components.</li>
  <li><strong>Authentic Sauneras Quality:</strong> Backed by our 30-day in-home satisfaction guarantee.</li>
</ul>",Sauneras,Infrared Sauna,"infrared sauna,red light therapy,portable sauna,home spa,low emf",TRUE,Title,Default Title,,,SAU-B0FX-008,6000,shopify,50,deny,manual,219.00,295.65,TRUE,TRUE,,https://m.media-amazon.com/images/I/816GSARbJPL._AC_SL1500_.jpg,1,"Sauneras Portable Infrared Sauna Box for Home, 3L 1400W Steam Sauna Tent - Portable Home Spa",FALSE,"Sauneras Portable Infrared Sauna Box for Home, 3L 1400W Stea | Sauneras Home Spa","Buy Sauneras Portable Infrared Sauna Box for Home, 3L 1400W Steam Sauna Tent. Experience medical-grade steam and infrared warmth at home. Free shipping and 30-day guarantee on sauneras.com.",active
sauneras-sauna-thermometer-fahrenheit-and-hygrometer-upgraded-lanyard--b0fncvvhmg,"Sauneras Sauna Thermometer Fahrenheit and Hygrometer, Upgraded Lanyard-Mounted for Portable Steam Sauna Box, Ideal for Infrared/Indoor/Home Use, Essential Accessory and Gift for Enthusiasts","<p>Experience premier at-home relaxation and thermal therapy with the <strong>Sauneras Sauna Thermometer Fahrenheit and Hygrometer, Upgraded Lanyard-Mounted for Portable Steam Sauna Box, Ideal for Infrared/Indoor/Home Use, Essential Accessory and Gift for Enthusiasts</strong> from Sauneras.</p>
<h3>Product Highlights:</h3>
<ul>
  <li><strong>Engineered for Home Wellness:</strong> Compact, portable design sets up quickly in any living room, bedroom, or patio.</li>
  <li><strong>Therapeutic Recovery:</strong> Promotes deep perspiration, natural cellular detoxification, soothing joint relief, and peaceful rest.</li>
  <li><strong>Premium Durability:</strong> Constructed from insulated multi-layer thermal fabric and certified high-grade components.</li>
  <li><strong>Authentic Sauneras Quality:</strong> Backed by our 30-day in-home satisfaction guarantee.</li>
</ul>",Sauneras,Sauna Thermometer,"sauna thermometer,hygrometer,temperature gauge,sauneras accessories",TRUE,Title,Default Title,,,SAU-B0FN-009,300,shopify,50,deny,manual,9.99,13.49,TRUE,TRUE,,https://m.media-amazon.com/images/I/71gqYbZMiQL._AC_SL1500_.jpg,1,"Sauneras Sauna Thermometer Fahrenheit and Hygrometer, Upgraded Lanyard-Mounted for Portable Steam Sauna Box, Ideal for Infrared/Indoor/Home Use, Essential Accessory and Gift for Enthusiasts - Portable Home Spa",FALSE,"Sauneras Sauna Thermometer Fahrenheit and Hygrometer, Upgrad | Sauneras Home Spa","Buy Sauneras Sauna Thermometer Fahrenheit and Hygrometer, Upgraded Lanyard-Mounted for Portable Steam Sauna Box, Ideal for Infrared/Indoor/Home Use, Essential Accessory and Gift for Enthusiasts. Experience medical-grade steam and infrared warmth at home. Free shipping and 30-day guarantee on sauneras.com.",active
sauneras-portable-home-infrared-sauna-box-2-panel-red-light-steam-saun-b0h1hbbbll,"Sauneras Portable Home Infrared Sauna Box, 2-Panel Red Light Steam Sauna Tent","<p>Experience premier at-home relaxation and thermal therapy with the <strong>Sauneras Portable Home Infrared Sauna Box, 2-Panel Red Light Steam Sauna Tent</strong> from Sauneras.</p>
<h3>Product Highlights:</h3>
<ul>
  <li><strong>Engineered for Home Wellness:</strong> Compact, portable design sets up quickly in any living room, bedroom, or patio.</li>
  <li><strong>Therapeutic Recovery:</strong> Promotes deep perspiration, natural cellular detoxification, soothing joint relief, and peaceful rest.</li>
  <li><strong>Premium Durability:</strong> Constructed from insulated multi-layer thermal fabric and certified high-grade components.</li>
  <li><strong>Authentic Sauneras Quality:</strong> Backed by our 30-day in-home satisfaction guarantee.</li>
</ul>",Sauneras,Infrared Sauna,"infrared sauna,red light therapy,portable sauna,home spa,low emf",TRUE,Title,Default Title,,,SAU-B0H1-010,6000,shopify,50,deny,manual,189.98,256.47,TRUE,TRUE,,https://m.media-amazon.com/images/I/71Y4gGGXXqL._AC_SL1500_.jpg,1,"Sauneras Portable Home Infrared Sauna Box, 2-Panel Red Light Steam Sauna Tent - Portable Home Spa",FALSE,"Sauneras Portable Home Infrared Sauna Box, 2-Panel Red Light | Sauneras Home Spa","Buy Sauneras Portable Home Infrared Sauna Box, 2-Panel Red Light Steam Sauna Tent. Experience medical-grade steam and infrared warmth at home. Free shipping and 30-day guarantee on sauneras.com.",active
sauneras-steam-sauna-tent-for-home-with-transparent-door-portable-indo-b0fn3cn6lf,"Sauneras Steam Sauna Tent for Home with Transparent Door, Portable Indoor Sauna with Powerful Steam Heating, Foldable Personal Spa for Relaxation (Double Rectangular, Black)","<p>Experience premier at-home relaxation and thermal therapy with the <strong>Sauneras Steam Sauna Tent for Home with Transparent Door, Portable Indoor Sauna with Powerful Steam Heating, Foldable Personal Spa for Relaxation (Double Rectangular, Black)</strong> from Sauneras.</p>
<h3>Product Highlights:</h3>
<ul>
  <li><strong>Engineered for Home Wellness:</strong> Compact, portable design sets up quickly in any living room, bedroom, or patio.</li>
  <li><strong>Therapeutic Recovery:</strong> Promotes deep perspiration, natural cellular detoxification, soothing joint relief, and peaceful rest.</li>
  <li><strong>Premium Durability:</strong> Constructed from insulated multi-layer thermal fabric and certified high-grade components.</li>
  <li><strong>Authentic Sauneras Quality:</strong> Backed by our 30-day in-home satisfaction guarantee.</li>
</ul>",Sauneras,Portable Steam Sauna,"portable sauna,steam sauna,home spa,detox,relaxation,wellness",TRUE,Title,Default Title,,,SAU-B0FN-011,6000,shopify,50,deny,manual,199.99,269.99,TRUE,TRUE,,https://m.media-amazon.com/images/I/81EwD+oW5VL._AC_SL1500_.jpg,1,"Sauneras Steam Sauna Tent for Home with Transparent Door, Portable Indoor Sauna with Powerful Steam Heating, Foldable Personal Spa for Relaxation (Double Rectangular, Black) - Portable Home Spa",FALSE,"Sauneras Steam Sauna Tent for Home with Transparent Door, Po | Sauneras Home Spa","Buy Sauneras Steam Sauna Tent for Home with Transparent Door, Portable Indoor Sauna with Powerful Steam Heating, Foldable Personal Spa for Relaxation (Double Rectangular, Black). Experience medical-grade steam and infrared warmth at home. Free shipping and 30-day guarantee on sauneras.com.",active
sauneras-sauna-box-infrared-right-light-portable-sauna-tent-b0fpc1ps37,Sauneras Sauna Box Infrared Right Light Portable Sauna Tent,"<p>Experience premier at-home relaxation and thermal therapy with the <strong>Sauneras Sauna Box Infrared Right Light Portable Sauna Tent</strong> from Sauneras.</p>
<h3>Product Highlights:</h3>
<ul>
  <li><strong>Engineered for Home Wellness:</strong> Compact, portable design sets up quickly in any living room, bedroom, or patio.</li>
  <li><strong>Therapeutic Recovery:</strong> Promotes deep perspiration, natural cellular detoxification, soothing joint relief, and peaceful rest.</li>
  <li><strong>Premium Durability:</strong> Constructed from insulated multi-layer thermal fabric and certified high-grade components.</li>
  <li><strong>Authentic Sauneras Quality:</strong> Backed by our 30-day in-home satisfaction guarantee.</li>
</ul>",Sauneras,Infrared Sauna,"infrared sauna,red light therapy,portable sauna,home spa,low emf",TRUE,Title,Default Title,,,SAU-B0FP-012,6000,shopify,50,deny,manual,130.99,176.84,TRUE,TRUE,,https://m.media-amazon.com/images/I/81KWoMrgVyL._AC_SL1500_.jpg,1,Sauneras Sauna Box Infrared Right Light Portable Sauna Tent - Portable Home Spa,FALSE,Sauneras Sauna Box Infrared Right Light Portable Sauna Tent | Sauneras Home Spa,Buy Sauneras Sauna Box Infrared Right Light Portable Sauna Tent. Experience medical-grade steam and infrared warmth at home. Free shipping and 30-day guarantee on sauneras.com.,active
sauneras-sauna-box-red-light-therapy-portable-sauna-for-home-with-15-l-b0fscnvp1d,"Sauneras Sauna Box Red Light Therapy - Portable Sauna for Home with 15 Levels Fast Heating, 3L/1200W Steamer and Non-Slip Mat, Remote Control for Body Relaxation, Steam Sauna for Indoor Use, 32"" x 32"" x 71""","<p>Experience premier at-home relaxation and thermal therapy with the <strong>Sauneras Sauna Box Red Light Therapy - Portable Sauna for Home with 15 Levels Fast Heating, 3L/1200W Steamer and Non-Slip Mat, Remote Control for Body Relaxation, Steam Sauna for Indoor Use, 32"" x 32"" x 71""</strong> from Sauneras.</p>
<h3>Product Highlights:</h3>
<ul>
  <li><strong>Engineered for Home Wellness:</strong> Compact, portable design sets up quickly in any living room, bedroom, or patio.</li>
  <li><strong>Therapeutic Recovery:</strong> Promotes deep perspiration, natural cellular detoxification, soothing joint relief, and peaceful rest.</li>
  <li><strong>Premium Durability:</strong> Constructed from insulated multi-layer thermal fabric and certified high-grade components.</li>
  <li><strong>Authentic Sauneras Quality:</strong> Backed by our 30-day in-home satisfaction guarantee.</li>
</ul>",Sauneras,Infrared Sauna,"infrared sauna,red light therapy,portable sauna,home spa,low emf",TRUE,Title,Default Title,,,SAU-B0FS-013,6000,shopify,50,deny,manual,139.99,188.99,TRUE,TRUE,,https://m.media-amazon.com/images/I/71KfN+BsLQL._AC_SL1500_.jpg,1,"Sauneras Sauna Box Red Light Therapy - Portable Sauna for Home with 15 Levels Fast Heating, 3L/1200W Steamer and Non-Slip Mat, Remote Control for Body Relaxation, Steam Sauna for Indoor Use, 32"" x 32"" x 71"" - Portable Home Spa",FALSE,Sauneras Sauna Box Red Light Therapy - Portable Sauna for Ho | Sauneras Home Spa,"Buy Sauneras Sauna Box Red Light Therapy - Portable Sauna for Home with 15 Levels Fast Heating, 3L/1200W Steamer and Non-Slip Mat, Remote Control for Body Relaxation, Steam Sauna for Indoor Use, 32"" x 32"" x 71"". Experience medical-grade steam and infrared warmth at home. Free shipping and 30-day guarantee on sauneras.com.",active
sauneras-infrared-sauna-box-for-home-portable-dry-sauna-for-relaxation-b0hdp42z4k,"Sauneras Infrared Sauna Box for Home, Portable Dry Sauna for Relaxation","<p>Experience premier at-home relaxation and thermal therapy with the <strong>Sauneras Infrared Sauna Box for Home, Portable Dry Sauna for Relaxation</strong> from Sauneras.</p>
<h3>Product Highlights:</h3>
<ul>
  <li><strong>Engineered for Home Wellness:</strong> Compact, portable design sets up quickly in any living room, bedroom, or patio.</li>
  <li><strong>Therapeutic Recovery:</strong> Promotes deep perspiration, natural cellular detoxification, soothing joint relief, and peaceful rest.</li>
  <li><strong>Premium Durability:</strong> Constructed from insulated multi-layer thermal fabric and certified high-grade components.</li>
  <li><strong>Authentic Sauneras Quality:</strong> Backed by our 30-day in-home satisfaction guarantee.</li>
</ul>",Sauneras,Infrared Sauna,"infrared sauna,red light therapy,portable sauna,home spa,low emf",TRUE,Title,Default Title,,,SAU-B0HD-014,6000,shopify,50,deny,manual,49.99,67.49,TRUE,TRUE,,https://m.media-amazon.com/images/I/71JM4PK63ML._AC_SL1500_.jpg,1,"Sauneras Infrared Sauna Box for Home, Portable Dry Sauna for Relaxation - Portable Home Spa",FALSE,"Sauneras Infrared Sauna Box for Home, Portable Dry Sauna for | Sauneras Home Spa","Buy Sauneras Infrared Sauna Box for Home, Portable Dry Sauna for Relaxation. Experience medical-grade steam and infrared warmth at home. Free shipping and 30-day guarantee on sauneras.com.",active
sauneras-infrared-sauna-box-with-660nm-red-light-therapy-850nm-infrare-b0h6x84z7h,"Sauneras Infrared Sauna Box with 660nm Red Light Therapy & 850nm Infrared Light Panel, 3L Steamer, 9 Temp Levels & 99 Min Timer, 5-Layer Waterproof Insulated, Folding Chair, Personal Sauna for Home(Black)","<p>Experience premier at-home relaxation and thermal therapy with the <strong>Sauneras Infrared Sauna Box with 660nm Red Light Therapy & 850nm Infrared Light Panel, 3L Steamer, 9 Temp Levels & 99 Min Timer, 5-Layer Waterproof Insulated, Folding Chair, Personal Sauna for Home(Black)</strong> from Sauneras.</p>
<h3>Product Highlights:</h3>
<ul>
  <li><strong>Engineered for Home Wellness:</strong> Compact, portable design sets up quickly in any living room, bedroom, or patio.</li>
  <li><strong>Therapeutic Recovery:</strong> Promotes deep perspiration, natural cellular detoxification, soothing joint relief, and peaceful rest.</li>
  <li><strong>Premium Durability:</strong> Constructed from insulated multi-layer thermal fabric and certified high-grade components.</li>
  <li><strong>Authentic Sauneras Quality:</strong> Backed by our 30-day in-home satisfaction guarantee.</li>
</ul>",Sauneras,Infrared Sauna,"infrared sauna,red light therapy,portable sauna,home spa,low emf",TRUE,Title,Default Title,,,SAU-B0H6-015,6000,shopify,50,deny,manual,169.99,229.49,TRUE,TRUE,,https://m.media-amazon.com/images/I/713PsSAXW7L._AC_SL1500_.jpg,1,"Sauneras Infrared Sauna Box with 660nm Red Light Therapy & 850nm Infrared Light Panel, 3L Steamer, 9 Temp Levels & 99 Min Timer, 5-Layer Waterproof Insulated, Folding Chair, Personal Sauna for Home(Black) - Portable Home Spa",FALSE,Sauneras Infrared Sauna Box with 660nm Red Light Therapy & 8 | Sauneras Home Spa,"Buy Sauneras Infrared Sauna Box with 660nm Red Light Therapy & 850nm Infrared Light Panel, 3L Steamer, 9 Temp Levels & 99 Min Timer, 5-Layer Waterproof Insulated, Folding Chair, Personal Sauna for Home(Black). Experience medical-grade steam and infrared warmth at home. Free shipping and 30-day guarantee on sauneras.com.",active
sauneras-smartsteam-kit-pro-portable-home-steam-sauna-1-person-sauna-t-b0f122w7c2,Sauneras SmartSteam Kit Pro Portable Home Steam Sauna | 1 Person Sauna Tent,"<p>Experience premier at-home relaxation and thermal therapy with the <strong>Sauneras SmartSteam Kit Pro Portable Home Steam Sauna | 1 Person Sauna Tent</strong> from Sauneras.</p>
<h3>Product Highlights:</h3>
<ul>
  <li><strong>Engineered for Home Wellness:</strong> Compact, portable design sets up quickly in any living room, bedroom, or patio.</li>
  <li><strong>Therapeutic Recovery:</strong> Promotes deep perspiration, natural cellular detoxification, soothing joint relief, and peaceful rest.</li>
  <li><strong>Premium Durability:</strong> Constructed from insulated multi-layer thermal fabric and certified high-grade components.</li>
  <li><strong>Authentic Sauneras Quality:</strong> Backed by our 30-day in-home satisfaction guarantee.</li>
</ul>",Sauneras,Portable Steam Sauna,"portable sauna,steam sauna,home spa,detox,relaxation,wellness",TRUE,Title,Default Title,,,SAU-B0F1-016,6000,shopify,50,deny,manual,230.00,310.50,TRUE,TRUE,,https://m.media-amazon.com/images/I/719bi8sJvLL._AC_SL1500_.jpg,1,Sauneras SmartSteam Kit Pro Portable Home Steam Sauna | 1 Person Sauna Tent - Portable Home Spa,FALSE,Sauneras SmartSteam Kit Pro Portable Home Steam Sauna | 1  | Sauneras Home Spa,Buy Sauneras SmartSteam Kit Pro Portable Home Steam Sauna | 1 Person Sauna Tent. Experience medical-grade steam and infrared warmth at home. Free shipping and 30-day guarantee on sauneras.com.,active
sauneras-xl-infrared-sauna-box-with-true-660-850nm-red-light-therapy-l-b0fvsbhmdn,"Sauneras XL Infrared Sauna Box with True 660 & 850nm Red Light Therapy Lamp, Portable Red Light Sauna for Home, Full Body Steam Tent with 3L 1200w Steamer, 15 Levels Heat, Chair, Remote, 90 Min Timer","<p>Experience premier at-home relaxation and thermal therapy with the <strong>Sauneras XL Infrared Sauna Box with True 660 & 850nm Red Light Therapy Lamp, Portable Red Light Sauna for Home, Full Body Steam Tent with 3L 1200w Steamer, 15 Levels Heat, Chair, Remote, 90 Min Timer</strong> from Sauneras.</p>
<h3>Product Highlights:</h3>
<ul>
  <li><strong>Engineered for Home Wellness:</strong> Compact, portable design sets up quickly in any living room, bedroom, or patio.</li>
  <li><strong>Therapeutic Recovery:</strong> Promotes deep perspiration, natural cellular detoxification, soothing joint relief, and peaceful rest.</li>
  <li><strong>Premium Durability:</strong> Constructed from insulated multi-layer thermal fabric and certified high-grade components.</li>
  <li><strong>Authentic Sauneras Quality:</strong> Backed by our 30-day in-home satisfaction guarantee.</li>
</ul>",Sauneras,Infrared Sauna,"infrared sauna,red light therapy,portable sauna,home spa,low emf",TRUE,Title,Default Title,,,SAU-B0FV-017,6000,shopify,50,deny,manual,159.99,215.99,TRUE,TRUE,,https://m.media-amazon.com/images/I/81cNUSBEPML._AC_SL1500_.jpg,1,"Sauneras XL Infrared Sauna Box with True 660 & 850nm Red Light Therapy Lamp, Portable Red Light Sauna for Home, Full Body Steam Tent with 3L 1200w Steamer, 15 Levels Heat, Chair, Remote, 90 Min Timer - Portable Home Spa",FALSE,Sauneras XL Infrared Sauna Box with True 660 & 850nm Red Lig | Sauneras Home Spa,"Buy Sauneras XL Infrared Sauna Box with True 660 & 850nm Red Light Therapy Lamp, Portable Red Light Sauna for Home, Full Body Steam Tent with 3L 1200w Steamer, 15 Levels Heat, Chair, Remote, 90 Min Timer. Experience medical-grade steam and infrared warmth at home. Free shipping and 30-day guarantee on sauneras.com.",active
sauneras-infrared-sauna-box-portable-steam-infrared-sauna-with-red-lig-b0fyx1sq92,"Sauneras Infrared Sauna Box, Portable Steam Infrared Sauna with Red Light Therapy for Body, Sauna Tent with 660nm & 850nm Infrared Red Light Therapy Lamp, 3L/1200W Steamer, 9 Levels Heat, Timer, Folding Chair","<p>Experience premier at-home relaxation and thermal therapy with the <strong>Sauneras Infrared Sauna Box, Portable Steam Infrared Sauna with Red Light Therapy for Body, Sauna Tent with 660nm & 850nm Infrared Red Light Therapy Lamp, 3L/1200W Steamer, 9 Levels Heat, Timer, Folding Chair</strong> from Sauneras.</p>
<h3>Product Highlights:</h3>
<ul>
  <li><strong>Engineered for Home Wellness:</strong> Compact, portable design sets up quickly in any living room, bedroom, or patio.</li>
  <li><strong>Therapeutic Recovery:</strong> Promotes deep perspiration, natural cellular detoxification, soothing joint relief, and peaceful rest.</li>
  <li><strong>Premium Durability:</strong> Constructed from insulated multi-layer thermal fabric and certified high-grade components.</li>
  <li><strong>Authentic Sauneras Quality:</strong> Backed by our 30-day in-home satisfaction guarantee.</li>
</ul>",Sauneras,Infrared Sauna,"infrared sauna,red light therapy,portable sauna,home spa,low emf",TRUE,Title,Default Title,,,SAU-B0FY-018,6000,shopify,50,deny,manual,229.99,310.49,TRUE,TRUE,,https://m.media-amazon.com/images/I/81egcOAskwL._AC_SL1500_.jpg,1,"Sauneras Infrared Sauna Box, Portable Steam Infrared Sauna with Red Light Therapy for Body, Sauna Tent with 660nm & 850nm Infrared Red Light Therapy Lamp, 3L/1200W Steamer, 9 Levels Heat, Timer, Folding Chair - Portable Home Spa",FALSE,"Sauneras Infrared Sauna Box, Portable Steam Infrared Sauna w | Sauneras Home Spa","Buy Sauneras Infrared Sauna Box, Portable Steam Infrared Sauna with Red Light Therapy for Body, Sauna Tent with 660nm & 850nm Infrared Red Light Therapy Lamp, 3L/1200W Steamer, 9 Levels Heat, Timer, Folding Chair. Experience medical-grade steam and infrared warmth at home. Free shipping and 30-day guarantee on sauneras.com.",active
sauneras-portable-sauna-steam-sauna-box-for-home-with-1500w-steamer-b0h7jfj9gw,"Sauneras Portable Sauna, Steam Sauna Box for Home with 1500W Steamer","<p>Experience premier at-home relaxation and thermal therapy with the <strong>Sauneras Portable Sauna, Steam Sauna Box for Home with 1500W Steamer</strong> from Sauneras.</p>
<h3>Product Highlights:</h3>
<ul>
  <li><strong>Engineered for Home Wellness:</strong> Compact, portable design sets up quickly in any living room, bedroom, or patio.</li>
  <li><strong>Therapeutic Recovery:</strong> Promotes deep perspiration, natural cellular detoxification, soothing joint relief, and peaceful rest.</li>
  <li><strong>Premium Durability:</strong> Constructed from insulated multi-layer thermal fabric and certified high-grade components.</li>
  <li><strong>Authentic Sauneras Quality:</strong> Backed by our 30-day in-home satisfaction guarantee.</li>
</ul>",Sauneras,Portable Steam Sauna,"portable sauna,steam sauna,home spa,detox,relaxation,wellness",TRUE,Title,Default Title,,,SAU-B0H7-019,6000,shopify,50,deny,manual,149.99,202.49,TRUE,TRUE,,https://m.media-amazon.com/images/I/713ydC2w9UL._AC_SL1500_.jpg,1,"Sauneras Portable Sauna, Steam Sauna Box for Home with 1500W Steamer - Portable Home Spa",FALSE,"Sauneras Portable Sauna, Steam Sauna Box for Home with 1500W | Sauneras Home Spa","Buy Sauneras Portable Sauna, Steam Sauna Box for Home with 1500W Steamer. Experience medical-grade steam and infrared warmth at home. Free shipping and 30-day guarantee on sauneras.com.",active
sauneras-sauna-box-portable-steam-sauna-for-home-with-1000w-3l-steamer-b0gc5m97x5,"Sauneras Sauna Box, Portable Steam Sauna for Home with 1000W 3L Steamer, 9-Level Temperature Control & Remote, with Foldable Chair, for Relaxation, Detox & Indoor/Outdoor Use (Infrared Red Light Sauna)","<p>Experience premier at-home relaxation and thermal therapy with the <strong>Sauneras Sauna Box, Portable Steam Sauna for Home with 1000W 3L Steamer, 9-Level Temperature Control & Remote, with Foldable Chair, for Relaxation, Detox & Indoor/Outdoor Use (Infrared Red Light Sauna)</strong> from Sauneras.</p>
<h3>Product Highlights:</h3>
<ul>
  <li><strong>Engineered for Home Wellness:</strong> Compact, portable design sets up quickly in any living room, bedroom, or patio.</li>
  <li><strong>Therapeutic Recovery:</strong> Promotes deep perspiration, natural cellular detoxification, soothing joint relief, and peaceful rest.</li>
  <li><strong>Premium Durability:</strong> Constructed from insulated multi-layer thermal fabric and certified high-grade components.</li>
  <li><strong>Authentic Sauneras Quality:</strong> Backed by our 30-day in-home satisfaction guarantee.</li>
</ul>",Sauneras,Infrared Sauna,"infrared sauna,red light therapy,portable sauna,home spa,low emf",TRUE,Title,Default Title,,,SAU-B0GC-020,6000,shopify,50,deny,manual,129.99,175.49,TRUE,TRUE,,https://m.media-amazon.com/images/I/71TJwDPZnRL._AC_SL1500_.jpg,1,"Sauneras Sauna Box, Portable Steam Sauna for Home with 1000W 3L Steamer, 9-Level Temperature Control & Remote, with Foldable Chair, for Relaxation, Detox & Indoor/Outdoor Use (Infrared Red Light Sauna) - Portable Home Spa",FALSE,"Sauneras Sauna Box, Portable Steam Sauna for Home with 1000W | Sauneras Home Spa","Buy Sauneras Sauna Box, Portable Steam Sauna for Home with 1000W 3L Steamer, 9-Level Temperature Control & Remote, with Foldable Chair, for Relaxation, Detox & Indoor/Outdoor Use (Infrared Red Light Sauna). Experience medical-grade steam and infrared warmth at home. Free shipping and 30-day guarantee on sauneras.com.",active
sauneras-sauna-thermometer-and-hygrometer-precision-temperature-humidi-b0gyrhfxkv,"Sauneras Sauna Thermometer and Hygrometer, Precision Temperature & Humidity Gauge for Portable Steam Sauna Box, Home Infrared Indoor Use Essential Accessory for Enthusiasts","<p>Experience premier at-home relaxation and thermal therapy with the <strong>Sauneras Sauna Thermometer and Hygrometer, Precision Temperature & Humidity Gauge for Portable Steam Sauna Box, Home Infrared Indoor Use Essential Accessory for Enthusiasts</strong> from Sauneras.</p>
<h3>Product Highlights:</h3>
<ul>
  <li><strong>Engineered for Home Wellness:</strong> Compact, portable design sets up quickly in any living room, bedroom, or patio.</li>
  <li><strong>Therapeutic Recovery:</strong> Promotes deep perspiration, natural cellular detoxification, soothing joint relief, and peaceful rest.</li>
  <li><strong>Premium Durability:</strong> Constructed from insulated multi-layer thermal fabric and certified high-grade components.</li>
  <li><strong>Authentic Sauneras Quality:</strong> Backed by our 30-day in-home satisfaction guarantee.</li>
</ul>",Sauneras,Sauna Thermometer,"sauna thermometer,hygrometer,temperature gauge,sauneras accessories",TRUE,Title,Default Title,,,SAU-B0GY-021,300,shopify,50,deny,manual,14.99,20.24,TRUE,TRUE,,https://m.media-amazon.com/images/I/71rs8alDALL._AC_SL1500_.jpg,1,"Sauneras Sauna Thermometer and Hygrometer, Precision Temperature & Humidity Gauge for Portable Steam Sauna Box, Home Infrared Indoor Use Essential Accessory for Enthusiasts - Portable Home Spa",FALSE,"Sauneras Sauna Thermometer and Hygrometer, Precision Tempera | Sauneras Home Spa","Buy Sauneras Sauna Thermometer and Hygrometer, Precision Temperature & Humidity Gauge for Portable Steam Sauna Box, Home Infrared Indoor Use Essential Accessory for Enthusiasts. Experience medical-grade steam and infrared warmth at home. Free shipping and 30-day guarantee on sauneras.com.",active
sauneras-sauna-thermometer-fahrenheit-and-hygrometer-with-lanyard-moun-b0h8dk3tym,Sauneras Sauna Thermometer Fahrenheit and Hygrometer with Lanyard Mount,"<p>Experience premier at-home relaxation and thermal therapy with the <strong>Sauneras Sauna Thermometer Fahrenheit and Hygrometer with Lanyard Mount</strong> from Sauneras.</p>
<h3>Product Highlights:</h3>
<ul>
  <li><strong>Engineered for Home Wellness:</strong> Compact, portable design sets up quickly in any living room, bedroom, or patio.</li>
  <li><strong>Therapeutic Recovery:</strong> Promotes deep perspiration, natural cellular detoxification, soothing joint relief, and peaceful rest.</li>
  <li><strong>Premium Durability:</strong> Constructed from insulated multi-layer thermal fabric and certified high-grade components.</li>
  <li><strong>Authentic Sauneras Quality:</strong> Backed by our 30-day in-home satisfaction guarantee.</li>
</ul>",Sauneras,Sauna Thermometer,"sauna thermometer,hygrometer,temperature gauge,sauneras accessories",TRUE,Title,Default Title,,,SAU-B0H8-022,300,shopify,50,deny,manual,11.99,16.19,TRUE,TRUE,,https://m.media-amazon.com/images/I/71dmSGBwLPL._AC_SL1500_.jpg,1,Sauneras Sauna Thermometer Fahrenheit and Hygrometer with Lanyard Mount - Portable Home Spa,FALSE,Sauneras Sauna Thermometer Fahrenheit and Hygrometer with La | Sauneras Home Spa,Buy Sauneras Sauna Thermometer Fahrenheit and Hygrometer with Lanyard Mount. Experience medical-grade steam and infrared warmth at home. Free shipping and 30-day guarantee on sauneras.com.,active
sauneras-sauna-thermometer-and-hygrometer-wall-mounted-for-portable-st-b0g2gq39l8,"Sauneras Sauna Thermometer and Hygrometer, Wall Mounted for Portable Steam Sauna Box","<p>Experience premier at-home relaxation and thermal therapy with the <strong>Sauneras Sauna Thermometer and Hygrometer, Wall Mounted for Portable Steam Sauna Box</strong> from Sauneras.</p>
<h3>Product Highlights:</h3>
<ul>
  <li><strong>Engineered for Home Wellness:</strong> Compact, portable design sets up quickly in any living room, bedroom, or patio.</li>
  <li><strong>Therapeutic Recovery:</strong> Promotes deep perspiration, natural cellular detoxification, soothing joint relief, and peaceful rest.</li>
  <li><strong>Premium Durability:</strong> Constructed from insulated multi-layer thermal fabric and certified high-grade components.</li>
  <li><strong>Authentic Sauneras Quality:</strong> Backed by our 30-day in-home satisfaction guarantee.</li>
</ul>",Sauneras,Sauna Thermometer,"sauna thermometer,hygrometer,temperature gauge,sauneras accessories",TRUE,Title,Default Title,,,SAU-B0G2-023,300,shopify,50,deny,manual,4.99,6.74,TRUE,TRUE,,https://m.media-amazon.com/images/I/71GczavVRXL._AC_SL1500_.jpg,1,"Sauneras Sauna Thermometer and Hygrometer, Wall Mounted for Portable Steam Sauna Box - Portable Home Spa",FALSE,"Sauneras Sauna Thermometer and Hygrometer, Wall Mounted for  | Sauneras Home Spa","Buy Sauneras Sauna Thermometer and Hygrometer, Wall Mounted for Portable Steam Sauna Box. Experience medical-grade steam and infrared warmth at home. Free shipping and 30-day guarantee on sauneras.com.",active
sauneras-upgraded-2-person-sauna-portable-sauna-with-5-layer-waterproo-b0gyjk298k,"Sauneras Upgraded 2 Person Sauna, Portable Sauna with 5 Layer Waterproof, Portable Steam Sauna Tent with 2 Steamers, 2 Folding Chair, 71”x 49”x 36""","<p>Experience premier at-home relaxation and thermal therapy with the <strong>Sauneras Upgraded 2 Person Sauna, Portable Sauna with 5 Layer Waterproof, Portable Steam Sauna Tent with 2 Steamers, 2 Folding Chair, 71”x 49”x 36""</strong> from Sauneras.</p>
<h3>Product Highlights:</h3>
<ul>
  <li><strong>Engineered for Home Wellness:</strong> Compact, portable design sets up quickly in any living room, bedroom, or patio.</li>
  <li><strong>Therapeutic Recovery:</strong> Promotes deep perspiration, natural cellular detoxification, soothing joint relief, and peaceful rest.</li>
  <li><strong>Premium Durability:</strong> Constructed from insulated multi-layer thermal fabric and certified high-grade components.</li>
  <li><strong>Authentic Sauneras Quality:</strong> Backed by our 30-day in-home satisfaction guarantee.</li>
</ul>",Sauneras,2-Person Portable Sauna,"2 person sauna,oversized sauna,steam sauna,couples sauna",TRUE,Title,Default Title,,,SAU-B0GY-024,6000,shopify,50,deny,manual,199.98,269.97,TRUE,TRUE,,https://m.media-amazon.com/images/I/714XhymI+uL._AC_SL1500_.jpg,1,"Sauneras Upgraded 2 Person Sauna, Portable Sauna with 5 Layer Waterproof, Portable Steam Sauna Tent with 2 Steamers, 2 Folding Chair, 71”x 49”x 36"" - Portable Home Spa",FALSE,"Sauneras Upgraded 2 Person Sauna, Portable Sauna with 5 Laye | Sauneras Home Spa","Buy Sauneras Upgraded 2 Person Sauna, Portable Sauna with 5 Layer Waterproof, Portable Steam Sauna Tent with 2 Steamers, 2 Folding Chair, 71”x 49”x 36"". Experience medical-grade steam and infrared warmth at home. Free shipping and 30-day guarantee on sauneras.com.",active
sauneras-portable-steam-sauna-tent-for-home-3l-infrared-sauna-for-indo-b0flxpg7wl,"Sauneras Portable Steam Sauna Tent for Home 3L Infrared Sauna for Indoor, Outdoor, Gym, Spa","<p>Experience premier at-home relaxation and thermal therapy with the <strong>Sauneras Portable Steam Sauna Tent for Home 3L Infrared Sauna for Indoor, Outdoor, Gym, Spa</strong> from Sauneras.</p>
<h3>Product Highlights:</h3>
<ul>
  <li><strong>Engineered for Home Wellness:</strong> Compact, portable design sets up quickly in any living room, bedroom, or patio.</li>
  <li><strong>Therapeutic Recovery:</strong> Promotes deep perspiration, natural cellular detoxification, soothing joint relief, and peaceful rest.</li>
  <li><strong>Premium Durability:</strong> Constructed from insulated multi-layer thermal fabric and certified high-grade components.</li>
  <li><strong>Authentic Sauneras Quality:</strong> Backed by our 30-day in-home satisfaction guarantee.</li>
</ul>",Sauneras,Infrared Sauna,"infrared sauna,red light therapy,portable sauna,home spa,low emf",TRUE,Title,Default Title,,,SAU-B0FL-025,6000,shopify,50,deny,manual,149.00,201.15,TRUE,TRUE,,https://m.media-amazon.com/images/I/71FOZHRs61L._AC_SL1500_.jpg,1,"Sauneras Portable Steam Sauna Tent for Home 3L Infrared Sauna for Indoor, Outdoor, Gym, Spa - Portable Home Spa",FALSE,Sauneras Portable Steam Sauna Tent for Home 3L Infrared Saun | Sauneras Home Spa,"Buy Sauneras Portable Steam Sauna Tent for Home 3L Infrared Sauna for Indoor, Outdoor, Gym, Spa. Experience medical-grade steam and infrared warmth at home. Free shipping and 30-day guarantee on sauneras.com.",active
sauneras-portable-steam-sauna-at-home-9-levels-heating-sauna-tent-for--b0fd6r6syr,"Sauneras Portable Steam Sauna at Home, 9 Levels Heating, Sauna Tent for Home with Steamer and Folding Chair, Sauna for Relaxation, Detoxification, Spa","<p>Experience premier at-home relaxation and thermal therapy with the <strong>Sauneras Portable Steam Sauna at Home, 9 Levels Heating, Sauna Tent for Home with Steamer and Folding Chair, Sauna for Relaxation, Detoxification, Spa</strong> from Sauneras.</p>
<h3>Product Highlights:</h3>
<ul>
  <li><strong>Engineered for Home Wellness:</strong> Compact, portable design sets up quickly in any living room, bedroom, or patio.</li>
  <li><strong>Therapeutic Recovery:</strong> Promotes deep perspiration, natural cellular detoxification, soothing joint relief, and peaceful rest.</li>
  <li><strong>Premium Durability:</strong> Constructed from insulated multi-layer thermal fabric and certified high-grade components.</li>
  <li><strong>Authentic Sauneras Quality:</strong> Backed by our 30-day in-home satisfaction guarantee.</li>
</ul>",Sauneras,Portable Steam Sauna,"portable sauna,steam sauna,home spa,detox,relaxation,wellness",TRUE,Title,Default Title,,,SAU-B0FD-026,6000,shopify,50,deny,manual,74.99,101.24,TRUE,TRUE,,https://m.media-amazon.com/images/I/71CiEA6VL7L._AC_SL1500_.jpg,1,"Sauneras Portable Steam Sauna at Home, 9 Levels Heating, Sauna Tent for Home with Steamer and Folding Chair, Sauna for Relaxation, Detoxification, Spa - Portable Home Spa",FALSE,"Sauneras Portable Steam Sauna at Home, 9 Levels Heating, Sau | Sauneras Home Spa","Buy Sauneras Portable Steam Sauna at Home, 9 Levels Heating, Sauna Tent for Home with Steamer and Folding Chair, Sauna for Relaxation, Detoxification, Spa. Experience medical-grade steam and infrared warmth at home. Free shipping and 30-day guarantee on sauneras.com.",active
sauneras-portable-home-steam-infrared-sauna-box-660nm-red-light-therap-b0dpkscbd3,"Sauneras Portable Home Steam Infrared Sauna Box, 660nm Red Light Therapy","<p>Experience premier at-home relaxation and thermal therapy with the <strong>Sauneras Portable Home Steam Infrared Sauna Box, 660nm Red Light Therapy</strong> from Sauneras.</p>
<h3>Product Highlights:</h3>
<ul>
  <li><strong>Engineered for Home Wellness:</strong> Compact, portable design sets up quickly in any living room, bedroom, or patio.</li>
  <li><strong>Therapeutic Recovery:</strong> Promotes deep perspiration, natural cellular detoxification, soothing joint relief, and peaceful rest.</li>
  <li><strong>Premium Durability:</strong> Constructed from insulated multi-layer thermal fabric and certified high-grade components.</li>
  <li><strong>Authentic Sauneras Quality:</strong> Backed by our 30-day in-home satisfaction guarantee.</li>
</ul>",Sauneras,Infrared Sauna,"infrared sauna,red light therapy,portable sauna,home spa,low emf",TRUE,Title,Default Title,,,SAU-B0DP-027,6000,shopify,50,deny,manual,119.99,161.99,TRUE,TRUE,,https://m.media-amazon.com/images/I/71kN8QBGuZL._AC_SL1500_.jpg,1,"Sauneras Portable Home Steam Infrared Sauna Box, 660nm Red Light Therapy - Portable Home Spa",FALSE,"Sauneras Portable Home Steam Infrared Sauna Box, 660nm Red L | Sauneras Home Spa","Buy Sauneras Portable Home Steam Infrared Sauna Box, 660nm Red Light Therapy. Experience medical-grade steam and infrared warmth at home. Free shipping and 30-day guarantee on sauneras.com.",active
sauneras-2-person-infrared-sauna-box-for-home-portable-steam-sauna-roo-b0gt7q3cfk,"Sauneras 2 Person Infrared Sauna Box for Home, Portable Steam Sauna Room with 660nm＆850nm Red Light Therapy Lamp, 5-Layer Waterproof, 2 Steamers, 2 Folding Chair","<p>Experience premier at-home relaxation and thermal therapy with the <strong>Sauneras 2 Person Infrared Sauna Box for Home, Portable Steam Sauna Room with 660nm＆850nm Red Light Therapy Lamp, 5-Layer Waterproof, 2 Steamers, 2 Folding Chair</strong> from Sauneras.</p>
<h3>Product Highlights:</h3>
<ul>
  <li><strong>Engineered for Home Wellness:</strong> Compact, portable design sets up quickly in any living room, bedroom, or patio.</li>
  <li><strong>Therapeutic Recovery:</strong> Promotes deep perspiration, natural cellular detoxification, soothing joint relief, and peaceful rest.</li>
  <li><strong>Premium Durability:</strong> Constructed from insulated multi-layer thermal fabric and certified high-grade components.</li>
  <li><strong>Authentic Sauneras Quality:</strong> Backed by our 30-day in-home satisfaction guarantee.</li>
</ul>",Sauneras,Infrared Sauna,"infrared sauna,red light therapy,portable sauna,home spa,low emf",TRUE,Title,Default Title,,,SAU-B0GT-028,6000,shopify,50,deny,manual,199.99,269.99,TRUE,TRUE,,https://m.media-amazon.com/images/I/81hGtyyUXEL._AC_SL1500_.jpg,1,"Sauneras 2 Person Infrared Sauna Box for Home, Portable Steam Sauna Room with 660nm＆850nm Red Light Therapy Lamp, 5-Layer Waterproof, 2 Steamers, 2 Folding Chair - Portable Home Spa",FALSE,"Sauneras 2 Person Infrared Sauna Box for Home, Portable Stea | Sauneras Home Spa","Buy Sauneras 2 Person Infrared Sauna Box for Home, Portable Steam Sauna Room with 660nm＆850nm Red Light Therapy Lamp, 5-Layer Waterproof, 2 Steamers, 2 Folding Chair. Experience medical-grade steam and infrared warmth at home. Free shipping and 30-day guarantee on sauneras.com.",active
